company_name,high,low,last_price,prev_close,change,percent_gain
"APTUS VALUEAdd toWatchlist | PortfolioACTIONSAPTUS VALUE closes above 30-Day,50-Day Moving Average today.Only Buyers in APTUS VALUE on NSE",283.70,238.35,280.50,236.45,44.05,18.63
Swan EnergyAdd toWatchlist | PortfolioACTIONSSwan Energy closes above 30-Day Moving Average of 284.21 today.,296.75,266.05,293.05,261.35,31.7,12.13
"JSW EnergyAdd toWatchlist | PortfolioACTIONSJSW Energy closes above 50-Day Moving Average of 248.52 today.JSW Energy closes above 30-Day Moving Average of 229.47 today.NEWSTrade Spotlight | JSW Energy, JBM Auto, Zensar Technologies: Your game plan for today 2023-03-01 07:32:20View all",274.00,242.70,269.45,242.65,26.8,11.04
Mahanagar GasAdd toWatchlist | PortfolioACTIONSMahanagar Gas closes above 30-Day Moving Average of 879.46 today.,989.50,917.25,985.95,906.90,79.05,8.72
BSE LimitedAdd toWatchlist | PortfolioACTIONSBSE Limited has hit 52wk low of Rs 427.05 on NSEBSE Limited has hit 52wk low of Rs 436.85 on NSE,488.65,452.45,480.90,448.35,32.55,7.26
Jindal StainlesAdd toWatchlist | PortfolioACTIONSJindal Stainles closes above 30-Day Moving Average of 259.44 today.,304.00,279.65,299.35,279.55,19.8,7.08
Tejas NetworksAdd toWatchlist | PortfolioACTIONSTejas Networks closes above 150-Day Moving Average of 600.56 today.Tejas Networks closes above 50-Day Moving Average of 566.72 today.,619.60,576.15,614.00,575.90,38.1,6.62
Godfrey PhillipAdd toWatchlist | PortfolioACTIONSGodfrey Phillip closes above 50-Day Moving Average of 1863.35 today.,"2,009.00","1,892.00","1,998.25","1,891.15",107.1,5.66
BASFAdd toWatchlist | PortfolioACTIONSBASF closes above 30-Day Moving Average of 2379.64 today.,"2,455.00","2,266.60","2,424.05","2,295.65",128.4,5.59
"Adani EnterprisAdd toWatchlist | PortfolioACTIONSAdani Enterpris closes above 30-Day Moving Average of 1971.61 today.Adani Enterpris Block Deal on NSE||Qty: 13,035||Deal Price: 2,041.00||Value (cr): 2.66||Time: 09:16am","2,135.00","1,855.00","1,982.90","1,879.50",103.4,5.5
"Guj State PetroAdd toWatchlist | PortfolioACTIONSGuj State Petro closes above 30-Day,50-Day Moving Average today.",294.50,277.60,292.60,277.35,15.25,5.5
Firstsource SolAdd toWatchlist | PortfolioACTIONSFirstsource Sol closes above 30-Day Moving Average of 114.23 today.,118.15,110.90,115.75,110.00,5.75,5.23
Shree RenukaAdd toWatchlist | PortfolioACTIONSShree Renuka closes above 150-Day Moving Average of 53.31 today.,47.45,45.10,47.20,44.95,2.25,5.01
Adani TransAdd toWatchlist | PortfolioACTIONSOnly Buyers in Adani Trans on NSEOnly Buyers in Adani Trans on NSE,781.35,781.35,781.35,744.15,37.2,5
Fert and ChemAdd toWatchlist | PortfolioACTIONSOnly Buyers in Fert and Chem on NSEOnly Buyers in Fert and Chem on NSE,251.00,239.05,251.00,239.05,11.95,5
Patanjali FoodsAdd toWatchlist | PortfolioACTIONSPatanjali Foods closes above 30-Day Moving Average of 978.70 today.Only Buyers in Patanjali Foods on NSE,"1,002.05",923.40,"1,002.05",954.35,47.7,5
"Adani Total GasAdd toWatchlist | PortfolioACTIONSOnly Buyers in Adani Total Gas on NSEAdani Total Gas Block Deal on NSE||Qty: 20,401||Deal Price: 815.15||Value (cr): 1.66||Time: 09:16am",820.35,796.95,820.35,781.30,39.05,5
Adani WilmarAdd toWatchlist | PortfolioACTIONSAdani Wilmar closes above 30-Day Moving Average of 428.17 today.Only Buyers in Adani Wilmar on NSE,439.45,439.45,439.45,418.55,20.9,4.99
Adani Green EneAdd toWatchlist | PortfolioACTIONSOnly Buyers in Adani Green Ene on NSEOnly Buyers in Adani Green Ene on NSE,589.80,589.80,589.80,561.75,28.05,4.99
TataTeleserviceAdd toWatchlist | PortfolioACTIONSOnly Buyers in TataTeleservice on NSEOnly Buyers in TataTeleservice on NSE,68.00,68.00,68.00,64.80,3.2,4.94
Privi SpecialAdd toWatchlist | PortfolioACTIONSPrivi Special closes above 30-Day Moving Average of 963.71 today.,"1,038.40",931.45,964.25,918.90,45.35,4.94
Alembic PharmaAdd toWatchlist | PortfolioACTIONSAlembic Pharma closes above 30-Day Moving Average of 523.83 today.Alembic Pharma gets USFDA nod for generic cancer drugNEWSAlembic Pharma gets USFDA nod for generic cancer drug 2023-03-06 12:21:56View all,529.75,505.05,525.75,502.75,23,4.57
MRPLAdd toWatchlist | PortfolioACTIONSNeutral MRPL; target of Rs 66: Motilal Oswal,53.65,51.50,53.35,51.05,2.3,4.51
IRB InfraAdd toWatchlist | PortfolioACTIONSIRB Infra closes above 50-Day Moving Average of 29.42 today.IRB Infra closes above 30-Day Moving Average of 28.87 today.,30.90,29.05,30.65,29.35,1.3,4.43
"Power FinanceAdd toWatchlist | PortfolioACTIONSPower Finance closes above 50-Day Moving Average of 145.89 today.NEWSHot Stocks | Bet on Indian Energy Exchange, PFC, Indiabulls Housing Finance for short term 2023-03-02 06:55:33Hot Stocks | Bet on Indian Energy Exchange, PFC, Indiabulls Housing Finance for short term 2023-03-02 06:55:33View all",162.00,155.15,161.75,155.15,6.6,4.25
"KPR MillAdd toWatchlist | PortfolioACTIONSKPR Mill Dividend||Interim Dividend 200.00%||Announcement date: Feb 01, 2023||Record date: Feb 14, 2023||Ex-Div: Feb 14, 2023",605.70,579.95,604.15,579.60,24.55,4.24
Zensar TechAdd toWatchlist | PortfolioACTIONSZensar Tech closes above 200-Day Moving Average of 244.37 today.,282.75,272.00,280.65,269.35,11.3,4.2
C. E. Info SystAdd toWatchlist | PortfolioACTIONSBuy MapMyIndia; target of Rs 1500: Anand Rathi,"1,221.95","1,165.15","1,213.00","1,165.65",47.35,4.06
Manappuram FinAdd toWatchlist | PortfolioACTIONSManappuram Fin closes above 150-Day Moving Average of 109.03 today.Manappuram Fin closes above 200-Day Moving Average of 104.40 today.,110.75,106.55,110.40,106.10,4.3,4.05
"Godrej IndAdd toWatchlist | PortfolioACTIONSGodrej Ind closes above 30-Day,50-Day Moving Average today.",438.80,420.80,437.20,420.60,16.6,3.95
MOTHERSONAdd toWatchlist | PortfolioACTIONSBuy Samvardhana Motherson International of Rs 101: Emkay Global FinancialBuy Samvardhana Motherson International of Rs 101: Emkay Global Financial,83.85,82.00,83.20,80.05,3.15,3.94
"NCCAdd toWatchlist | PortfolioACTIONSNCC closes above 30-Day,50-Day Moving Average today.",94.00,90.40,93.60,90.25,3.35,3.71
SonataAdd toWatchlist | PortfolioACTIONSBuy Sonata Software; target of Rs 835: ICICI DirectBuy Sonata Software; target of Rs 775: HDFC Securities,832.65,800.10,823.55,794.20,29.35,3.7
"GAILAdd toWatchlist | PortfolioACTIONSGAIL Block Deal on NSE||Qty: 114,008||Deal Price: 107.15||Value (cr): 1.22||Time: 09:16am",109.50,105.75,109.05,105.25,3.8,3.61
"Triveni TurbineAdd toWatchlist | PortfolioACTIONSTriveni Turbine closes above 30-Day,50-Day Moving Average today.",338.00,325.60,334.55,322.95,11.6,3.59
"ZFCVINDIAAdd toWatchlist | PortfolioACTIONSBuy ZF Commercial Vehicle Control System; target of Rs 11,000: ICICI Direct","10,798.10","10,286.00","10,648.65","10,285.45",363.2,3.53
NIITAdd toWatchlist | PortfolioACTIONSNIIT closes above 200-Day Moving Average of 346.23 today.,358.95,344.75,356.15,344.15,12,3.49
IGLAdd toWatchlist | PortfolioACTIONSIGL closes above 30-Day Moving Average of 430.72 today.,449.80,431.75,445.05,430.40,14.65,3.4
"Clean ScienceAdd toWatchlist | PortfolioACTIONSClean Science closes above 30-Day,50-Day Moving Average today.","1,457.85","1,405.00","1,448.10","1,400.70",47.4,3.38
KNR ConstructAdd toWatchlist | PortfolioACTIONSKNR Construct closes above 50-Day Moving Average of 256.57 today.,280.45,268.05,276.75,267.70,9.05,3.38
"Star HealthAdd toWatchlist | PortfolioACTIONSStar Health closes above 30-Day,50-Day Moving Average today.",593.50,564.40,581.95,563.50,18.45,3.27
"Affle IndiaAdd toWatchlist | PortfolioACTIONSAffle India closes above 30-Day,50-Day Moving Average today.","1,049.85","1,015.55","1,045.55","1,013.20",32.35,3.19
"Olectra GreenteAdd toWatchlist | PortfolioACTIONSOlectra Greente Block Deal on NSE||Qty: 24,926||Deal Price: 540.00||Value (cr): 1.35||Time: 09:17am",550.95,524.95,537.30,520.80,16.5,3.17
SymphonyAdd toWatchlist | PortfolioACTIONSBuy Symphony; target of Rs 1291: YES Securities,"1,199.10","1,154.80","1,188.45","1,153.15",35.3,3.06
"Gujarat PipavavAdd toWatchlist | PortfolioACTIONSGujarat Pipavav closes above 30-Day,50-Day Moving Average today.",112.25,106.45,111.15,107.90,3.25,3.01
Coromandel IntAdd toWatchlist | PortfolioACTIONSCoromandel Int closes above 30-Day Moving Average of 890.49 today.,939.40,908.05,934.05,907.15,26.9,2.97
PNC InfratechAdd toWatchlist | PortfolioACTIONSPNC Infratech closes above 150-Day Moving Average of 283.39 today.PNC Infratech closes above 200-Day Moving Average of 273.11 today.,295.00,282.00,290.95,282.65,8.3,2.94
Laurus LabsAdd toWatchlist | PortfolioACTIONSLaurus Labs has hit 52wk low of Rs 305.15 on NSE,322.75,311.40,321.00,311.90,9.1,2.92
Blue StarAdd toWatchlist | PortfolioACTIONSBuy Blue Star; target of Rs 1655: SharekhanNEWSBuy Blue Star; target of Rs 1655: Sharekhan 2023-03-03 11:22:54View all,"1,484.00","1,435.00","1,481.55","1,439.70",41.85,2.91
"MphasiSAdd toWatchlist | PortfolioACTIONSMphasiS closes above 30-Day,150-Day Moving Average today.MphasiS closes above 50-Day Moving Average of 2069.72 today.","2,145.55","2,085.00","2,138.45","2,079.20",59.25,2.85
"Tata MotorsAdd toWatchlist | PortfolioACTIONSTata Motors closes above 30-Day Moving Average of 435.28 today.Tata Motors closes above 150-Day,200-Day Moving Average today.",441.45,430.00,440.10,428.00,12.1,2.83
Welspun CorpAdd toWatchlist | PortfolioACTIONSWelspun Corp closes above 30-Day Moving Average of 199.86 today.,205.40,198.50,204.70,199.10,5.6,2.81
RECAdd toWatchlist | PortfolioACTIONSREC closes above 50-Day Moving Average of 118.50 today.REC closes above 30-Day Moving Average of 117.05 today.,122.25,118.25,121.45,118.15,3.3,2.79
"Balrampur ChiniAdd toWatchlist | PortfolioACTIONSBalrampur Chini closes above 30-Day,200-Day Moving Average today.Balrampur Chini closes above 150-Day Moving Average of 364.97 today.",376.30,366.20,375.55,365.40,10.15,2.78
BirlasoftAdd toWatchlist | PortfolioACTIONSBirlasoft closes above 30-Day Moving Average of 287.19 today.,294.00,282.05,288.25,280.50,7.75,2.76
"Aster DM HealthAdd toWatchlist | PortfolioACTIONSAster DM Health closes above 150-Day Moving Average of 232.10 today.Aster DM Health closes above 50-Day,200-Day Moving Average today.",235.00,229.55,234.05,228.00,6.05,2.65
Oracle Fin ServAdd toWatchlist | PortfolioACTIONSOracle Fin Serv closes above 200-Day Moving Average of 3123.33 today.,"3,249.90","3,160.15","3,236.50","3,153.20",83.3,2.64
"TVS MotorAdd toWatchlist | PortfolioACTIONSTVS Motor closes above  its 30-Day,50-Day,150-Day Moving Average today.","1,102.00","1,072.00","1,098.50","1,070.35",28.15,2.63
Bajaj HoldingsAdd toWatchlist | PortfolioACTIONSBajaj Holdings closes above 150-Day Moving Average of 6107.64 today.,"6,395.00","6,155.00","6,312.00","6,152.65",159.35,2.59
"ONGCAdd toWatchlist | PortfolioACTIONSONGC Dividend||Interim Dividend 80.00%||Announcement date: Feb 09, 2023||Record date: Feb 24, 2023||Ex-Div: Feb 24, 2023",159.70,153.55,158.20,154.25,3.95,2.56
Chola Invest.Add toWatchlist | PortfolioACTIONSChola Invest. closes above 30-Day Moving Average of 759.74 today.,775.90,753.00,769.30,750.20,19.1,2.55
"Chambal FertAdd toWatchlist | PortfolioACTIONSChambal Fert Block Deal on NSE||Qty: 49,409||Deal Price: 300.15||Value (cr): 1.48||Time: 09:18am",291.15,281.75,290.10,283.05,7.05,2.49
Deepak FertAdd toWatchlist | PortfolioACTIONSDeepak Fert closes above 30-Day Moving Average of 637.10 today.,660.60,636.40,652.25,636.40,15.85,2.49
"Shriram FinanceAdd toWatchlist | PortfolioACTIONSShriram Finance POM on Feb 23, 2023||Announcement date: Jan 23, 2023","1,249.05","1,220.00","1,246.85","1,216.90",29.95,2.46
NTPCAdd toWatchlist | PortfolioACTIONSBuy NTPC; target of Rs 200: SharekhanNEWSBuy NTPC; target of Rs 200: Sharekhan 2023-03-02 11:36:18View all,177.50,172.70,176.80,172.60,4.2,2.43
"Oil IndiaAdd toWatchlist | PortfolioACTIONSOil India Dividend||Interim Dividend 100.00%||Announcement date: Feb 10, 2023||Record date: Feb 22, 2023||Ex-Div: Feb 22, 2023",265.00,256.60,262.60,256.45,6.15,2.4
"LTIMindtreeAdd toWatchlist | PortfolioACTIONSLTIMindtree Block Deal on NSE||Qty: 2,119||Deal Price: 4,887.00||Value (cr): 1.04||Time: 09:17am","4,845.00","4,755.00","4,821.20","4,710.35",110.85,2.35
Zydus WellnessAdd toWatchlist | PortfolioACTIONSZydus Wellness closes above 50-Day Moving Average of 1460.29 today.,"1,531.90","1,449.80","1,481.65","1,447.70",33.95,2.35
NLC IndiaAdd toWatchlist | PortfolioACTIONSNLC India closes above 50-Day Moving Average of 80.15 today.,82.25,79.80,81.85,80.00,1.85,2.31
CSB BankAdd toWatchlist | PortfolioACTIONSCSB Bank closes above 150-Day Moving Average of 231.78 today.,239.75,232.00,236.85,231.50,5.35,2.31
"Indiabulls RealAdd toWatchlist | PortfolioACTIONSIndiabulls Real Block Deal on NSE||Qty: 171,654||Deal Price: 61.90||Value (cr): 1.06||Time: 09:16am",63.60,61.15,62.45,61.05,1.4,2.29
"Sterlite TechnoAdd toWatchlist | PortfolioACTIONSSterlite Techno closes below 30-Day,50-Day Moving Average today.",165.75,161.70,165.10,161.40,3.7,2.29
"Power Grid CorpAdd toWatchlist | PortfolioACTIONSPower Grid Corp closes above  its 30-Day,50-Day,150-Day,200-Day Moving Average today.",228.80,223.00,227.15,222.10,5.05,2.27
"Syngene IntlAdd toWatchlist | PortfolioACTIONSSyngene Intl closes above  its 50-Day,150-Day,200-Day Moving Average today.",590.50,575.10,587.90,574.90,13,2.26
HLE GlascoatAdd toWatchlist | PortfolioACTIONSHLE Glascoat has hit 52wk low of Rs 508.00 on NSEHLE Glascoat has hit 52wk low of Rs 508.00 on NSE,543.00,529.30,537.85,526.10,11.75,2.23
"Procter&GambleAdd toWatchlist | PortfolioACTIONSProcter&Gamble Dividend||Interim Dividend 450.00%||Announcement date: Jan 16, 2023||Record date: Feb 13, 2023||Ex-Div: Feb 13, 2023","5,147.90","4,993.80","5,086.65","4,977.30",109.35,2.2
"Tube InvestmentAdd toWatchlist | PortfolioACTIONSTube Investment Block Deal on NSE||Qty: 78,955||Deal Price: 2,609.50||Value (cr): 20.60||Time: 09:18am","2,776.25","2,673.05","2,763.60","2,707.05",56.55,2.09
GNFCAdd toWatchlist | PortfolioACTIONSGNFC closes above 50-Day Moving Average of 550.14 today.,561.95,548.00,557.90,546.60,11.3,2.07
"NALCOAdd toWatchlist | PortfolioACTIONSNALCO Block Deal on NSE||Qty: 171,443||Deal Price: 82.35||Value (cr): 1.41||Time: 09:16am",84.65,81.50,84.20,82.50,1.7,2.06
"Cochin ShipyardAdd toWatchlist | PortfolioACTIONSCochin Shipyard closes above 30-Day,150-Day Moving Average today.Cochin Shipyard Dividend||Interim Dividend 70.00%||Announcement date: Feb 10, 2023||Record date: Feb 22, 2023||Ex-Div: Feb 22, 2023",475.35,465.55,474.30,464.75,9.55,2.05
Guj AlkaliAdd toWatchlist | PortfolioACTIONSGuj Alkali closes above 30-Day Moving Average of 767.55 today.,655.00,636.05,648.55,635.50,13.05,2.05
Abbott IndiaAdd toWatchlist | PortfolioACTIONSAbbott India closes above 50-Day Moving Average of 21270.01 today.,"20,676.00","20,163.00","20,575.55","20,161.95",413.6,2.05
MastekAdd toWatchlist | PortfolioACTIONSMastek closes above 50-Day Moving Average of 1656.49 today.,"1,730.00","1,685.00","1,719.15","1,685.35",33.8,2.01
KEI IndustriesAdd toWatchlist | PortfolioACTIONSKEI Industries closes above 30-Day Moving Average of 1636.76 today.,"1,738.00","1,690.00","1,718.15","1,684.70",33.45,1.99
Asahi IndiaAdd toWatchlist | PortfolioACTIONSAsahi India closes above 30-Day Moving Average of 507.03 today.,498.25,484.05,493.95,484.35,9.6,1.98
"Just DialAdd toWatchlist | PortfolioACTIONSJust Dial closes above 150-Day,200-Day Moving Average today.",616.35,590.75,602.35,590.75,11.6,1.96
Balaji AminesAdd toWatchlist | PortfolioACTIONSBuy Balaji Amines; target of Rs 3790: KR Choksey,"2,249.00","2,194.25","2,226.00","2,183.20",42.8,1.96
"Torrent PowerAdd toWatchlist | PortfolioACTIONSTorrent Power closes above 150-Day Moving Average of 513.13 today.Torrent Power closes above 150-Day Moving Average of 513.01 today.NEWSHot Stocks | Torrent Power, Asian Paints, UltraTech Cement may fetch healthy returns 2023-03-03 06:49:02Hot Stocks | Torrent Power, Asian Paints, UltraTech Cement may fetch healthy returns 2023-03-03 06:49:02View all",525.45,511.05,520.75,510.75,10,1.96
Poonawalla FinAdd toWatchlist | PortfolioACTIONSPoonawalla Fin closes above 30-Day Moving Average of 298.87 today.,298.70,292.65,297.30,291.60,5.7,1.95
"Gujarat FluoroAdd toWatchlist | PortfolioACTIONSGujarat Fluoro closes above 200-Day Moving Average of 3226.89 today.Gujarat Fluoro Block Deal on NSE||Qty: 4,561||Deal Price: 3,220.00||Value (cr): 1.47||Time: 09:16am","3,245.50","3,181.50","3,232.60","3,171.20",61.4,1.94
CenturyAdd toWatchlist | PortfolioACTIONSCentury has hit 52wk low of Rs 588.00 on NSECentury has hit 52wk low of Rs 599.00 on BSE,638.30,623.00,635.80,623.90,11.9,1.91
"InfosysAdd toWatchlist | PortfolioACTIONSInfosys Block Deal on NSE||Qty: 7,443||Deal Price: 1,484.00||Value (cr): 1.10||Time: 09:16am","1,520.40","1,493.15","1,507.45","1,479.30",28.15,1.9
Bajaj FinservAdd toWatchlist | PortfolioACTIONSBajaj Finserv closes above 30-Day Moving Average of 1358.47 today.,"1,399.45","1,357.25","1,380.80","1,355.35",25.45,1.88
"SiemensAdd toWatchlist | PortfolioACTIONSSiemens AGM on Feb 14, 2023||Announcement date: Jan 17, 2023","3,228.60","3,169.55","3,222.15","3,163.60",58.55,1.85
"CumminsAdd toWatchlist | PortfolioACTIONSCummins Dividend||Interim Dividend 600.00%||Announcement date: Feb 08, 2023||Record date: Feb 21, 2023||Ex-Div: Feb 21, 2023NEWSFurther short covering in market possible, bet on these 3 stocks for up to 18% return 2023-03-07 07:33:00View all","1,642.00","1,602.00","1,629.35","1,599.75",29.6,1.85
Hitachi EnergyAdd toWatchlist | PortfolioACTIONSHitachi Energy closes above 150-Day Moving Average of 3276.59 today.,"3,433.95","3,330.60","3,401.40","3,340.00",61.4,1.84
HUDCOAdd toWatchlist | PortfolioACTIONSHUDCO closes above 30-Day Moving Average of 46.15 today.,47.45,46.25,47.10,46.25,0.85,1.84
EID ParryAdd toWatchlist | PortfolioACTIONSEID Parry closes above 30-Day Moving Average of 521.19 today.,527.80,517.10,524.45,515.05,9.4,1.83
Greenpanel IndAdd toWatchlist | PortfolioACTIONSGreenpanel Ind has hit 52wk low of Rs 269.05 on NSE,292.00,283.55,290.25,285.05,5.2,1.82
"Suprajit EngAdd toWatchlist | PortfolioACTIONSSuprajit Eng Dividend||Interim Dividend 105.00%||Announcement date: Feb 13, 2023||Record date: Feb 23, 2023||Ex-Div: Feb 23, 2023NEWSTrade Spotlight | How to trade in Suprajit Engineering, Coal India, Siemens today? 2023-03-03 06:52:15View all",398.25,379.55,387.75,380.85,6.9,1.81
"IIFL FinanceAdd toWatchlist | PortfolioACTIONSIIFL Finance closes above 30-Day,50-Day Moving Average today.",457.40,445.70,453.90,446.25,7.65,1.71
ICICI SecuritieAdd toWatchlist | PortfolioACTIONSICICI Securitie closes above 30-Day Moving Average of 479.11 today.,485.60,475.10,482.75,474.65,8.1,1.71
Laxmi OrganicAdd toWatchlist | PortfolioACTIONSBuy Laxmi Organic Industries; target of Rs 376: KR Choksey,267.95,262.00,265.15,260.80,4.35,1.67
Havells IndiaAdd toWatchlist | PortfolioACTIONSHavells India closes above 200-Day Moving Average of 1222.46 today.Havells India closes above 30-Day Moving Average of 1199.07 today.,"1,226.55","1,210.55","1,225.00","1,205.05",19.95,1.66
"PVRAdd toWatchlist | PortfolioACTIONSPVR closes above 30-Day Moving Average of 1686.53 today.NEWSPVR-Inox and other multiplexes to add 1,000 more screens in next 2 years 2023-03-07 15:10:33View all","1,587.65","1,562.40","1,579.30","1,553.60",25.7,1.65
COFORGE LTD.Add toWatchlist | PortfolioACTIONSCOFORGE LTD. closes above 30-Day Moving Average of 4298.45 today.,"4,365.20","4,280.00","4,328.35","4,258.40",69.95,1.64
Kalpataru PowerAdd toWatchlist | PortfolioACTIONSKalpataru Power closes above 50-Day Moving Average of 522.58 today.,574.40,561.60,569.45,560.35,9.1,1.62
Welspun IndiaAdd toWatchlist | PortfolioACTIONSWelspun India closes above 30-Day Moving Average of 68.94 today.,69.65,68.05,69.10,68.00,1.1,1.62
Guj Amb ExportsAdd toWatchlist | PortfolioACTIONSGuj Amb Exports closes above 30-Day Moving Average of 234.52 today.,241.70,230.15,236.00,232.25,3.75,1.61
Karur VysyaAdd toWatchlist | PortfolioACTIONSKarur Vysya closes above 30-Day Moving Average of 103.69 today.,104.75,101.70,103.85,102.20,1.65,1.61
"Sharda CropAdd toWatchlist | PortfolioACTIONSSharda Crop closes above 50-Day Moving Average of 480.47 today.Sharda Crop closes above 30-Day,50-Day Moving Average today.",495.60,480.75,487.95,480.20,7.75,1.61
Narayana HrudaAdd toWatchlist | PortfolioACTIONSNarayana Hruda closes above 50-Day Moving Average of 735.86 today.,796.10,783.70,789.60,777.10,12.5,1.61
CG ConsumerAdd toWatchlist | PortfolioACTIONSCG Consumer closes above 30-Day Moving Average of 312.61 today.,316.95,311.10,316.05,311.05,5,1.61
"Infibeam AvenueAdd toWatchlist | PortfolioACTIONSInfibeam Avenue Block Deal on NSE||Qty: 275,634||Deal Price: 16.45||Value (cr): 0.45||Time: 09:18am",16.35,15.65,15.90,15.65,0.25,1.6
Rashtriya ChemAdd toWatchlist | PortfolioACTIONSRashtriya Chem closes above 200-Day Moving Average of 102.99 today.,105.80,102.00,103.25,101.65,1.6,1.57
Shyam MetalicsAdd toWatchlist | PortfolioACTIONSShyam Metalics closes below 150-Day Moving Average of 298.37 today.,283.00,276.85,280.80,276.45,4.35,1.57
APL ApolloAdd toWatchlist | PortfolioACTIONSAPL Apollo closes above 30-Day Moving Average of 1205.07 today.,"1,252.00","1,231.50","1,246.80","1,227.50",19.3,1.57
TrentAdd toWatchlist | PortfolioACTIONSTrent closes above 200-Day Moving Average of 1307.28 today.,"1,333.60","1,306.60","1,325.40","1,304.90",20.5,1.57
SUMITOMOAdd toWatchlist | PortfolioACTIONSSUMITOMO closes above 30-Day Moving Average of 450.73 today.,462.20,440.20,456.90,449.85,7.05,1.57
"Elgi EquipmentsAdd toWatchlist | PortfolioACTIONSElgi Equipments closes above 150-Day,200-Day Moving Average today.",481.20,470.05,475.40,468.10,7.3,1.56
"WockhardtAdd toWatchlist | PortfolioACTIONSWockhardt to restructure US business to save $12 million per year, sees debt pare down",195.60,190.30,192.70,189.75,2.95,1.55
CDSLAdd toWatchlist | PortfolioACTIONSCDSL closes above 30-Day Moving Average of 1005.19 today.,"1,037.65","1,001.30","1,014.95",999.60,15.35,1.54
Latent ViewAdd toWatchlist | PortfolioACTIONSLatent View closes above 30-Day Moving Average of 360.69 today.,368.15,356.35,362.45,357.00,5.45,1.53
Fortis HealthAdd toWatchlist | PortfolioACTIONSFortis Health closes above 50-Day Moving Average of 278.82 today.Fortis Health closes above 30-Day Moving Average of 275.66 today.,282.00,273.65,280.80,276.60,4.2,1.52
"EPLAdd toWatchlist | PortfolioACTIONSEPL closes above  its 50-Day,150-Day,200-Day Moving Average today.",168.20,163.70,167.20,164.70,2.5,1.52
Aurobindo PharmAdd toWatchlist | PortfolioACTIONSBuy Aurobindo Pharma; target of Rs 554: GeojitNEWSBuy Aurobindo Pharma; target of Rs 554: Geojit 2023-03-02 15:42:12View all,473.95,461.15,466.85,459.95,6.9,1.5
"Varroc EngineerAdd toWatchlist | PortfolioACTIONSVarroc Engineer closes above 30-Day,50-Day Moving Average today.",257.95,252.00,255.15,251.45,3.7,1.47
Krishna Inst.Add toWatchlist | PortfolioACTIONSKrishna Inst. closes above 200-Day Moving Average of 1361.44 today.,"1,368.00","1,330.00","1,362.60","1,342.85",19.75,1.47
"Radico KhaitanAdd toWatchlist | PortfolioACTIONSRadico Khaitan Block Deal on NSE||Qty: 10,088||Deal Price: 1,204.45||Value (cr): 1.22||Time: 09:18am","1,215.00","1,188.00","1,211.90","1,194.50",17.4,1.46
WhirlpoolAdd toWatchlist | PortfolioACTIONSWhirlpool closes above 30-Day Moving Average of 1320.53 today.,"1,343.15","1,318.55","1,339.70","1,320.85",18.85,1.43
"RedingtonAdd toWatchlist | PortfolioACTIONSRedington Block Deal on NSE||Qty: 76,770||Deal Price: 179.60||Value (cr): 1.38||Time: 09:16am",173.60,169.90,172.30,169.90,2.4,1.41
TV18 BroadcastAdd toWatchlist | PortfolioACTIONSTV18 Broadcast closes above 50-Day Moving Average of 37.10 today.,33.20,32.05,32.45,32.00,0.45,1.41
Granules IndiaAdd toWatchlist | PortfolioACTIONSGranules India closes above 30-Day Moving Average of 288.91 today.,291.90,285.85,289.70,285.70,4,1.4
"Aegis LogisticsAdd toWatchlist | PortfolioACTIONSAegis Logistics closes above 30-Day,50-Day Moving Average today.",377.40,369.05,373.60,368.45,5.15,1.4
"Poly MedicureAdd toWatchlist | PortfolioACTIONSPoly Medicure closes above 30-Day,50-Day Moving Average today.","1,002.00",960.00,973.85,960.45,13.4,1.4
Graphite IndiaAdd toWatchlist | PortfolioACTIONSGraphite India has hit 52wk low of Rs 294.00 on NSE,302.90,295.00,298.20,294.10,4.1,1.39
Pidilite IndAdd toWatchlist | PortfolioACTIONSPidilite Ind closes above 30-Day Moving Average of 2316.80 today.,"2,369.65","2,325.40","2,351.00","2,318.75",32.25,1.39
SJVNAdd toWatchlist | PortfolioACTIONSSJVN closes above 30-Day Moving Average of 32.53 today.,33.30,32.50,32.95,32.50,0.45,1.38
IOCAdd toWatchlist | PortfolioACTIONSIOC closes below 50-Day Moving Average of 79.31 today.,79.80,78.05,79.25,78.20,1.05,1.34
"Amber EnterprisAdd toWatchlist | PortfolioACTIONSAmber Enterpris closes above 30-Day,50-Day Moving Average today.","2,071.95","2,011.00","2,030.20","2,003.50",26.7,1.33
NOCILAdd toWatchlist | PortfolioACTIONSNOCIL closes above 50-Day Moving Average of 223.53 today.,228.00,221.50,224.65,221.70,2.95,1.33
IDFC First BankAdd toWatchlist | PortfolioACTIONSIDFC First Bank closes above 30-Day Moving Average of 56.88 today.Buy IDFC First Bank; target of Rs 70: Motilal OswalNEWSBuy IDFC First Bank; target of Rs 70: Motilal Oswal 2023-03-03 10:25:33View all,57.85,56.55,57.15,56.40,0.75,1.33
IDFCAdd toWatchlist | PortfolioACTIONSIDFC closes above 150-Day Moving Average of 75.36 today.,81.40,79.30,80.10,79.05,1.05,1.33
GSFCAdd toWatchlist | PortfolioACTIONSGSFC closes above 30-Day Moving Average of 128.90 today.,131.95,128.50,130.50,128.80,1.7,1.32
NazaraAdd toWatchlist | PortfolioACTIONSNazara Technologies: Niche businesses with exciting growth prospects,535.00,519.20,528.25,521.45,6.8,1.3
Jubilant FoodAdd toWatchlist | PortfolioACTIONSHold Jubilant FoodWorks; target of Rs 480 : Emkay Global Financial,455.95,443.00,447.10,441.35,5.75,1.3
Quess CorpAdd toWatchlist | PortfolioACTIONSQuess Corp closes below 30-Day Moving Average of 379.60 today.,371.55,363.55,369.10,364.40,4.7,1.29
Max FinancialAdd toWatchlist | PortfolioACTIONSMax Financial closes above 50-Day Moving Average of 744.32 today.,706.00,690.65,698.25,689.45,8.8,1.28
Asian PaintsAdd toWatchlist | PortfolioACTIONSAsian Paints closes above 30-Day Moving Average of 2789.56 today.ANNOUNCEMENTSAsian Paints signs pact with Gujarat to set up manufacturing facility in Dahej 2023-02-21View all,"2,884.00","2,830.25","2,864.55","2,828.85",35.7,1.26
Max HealthcareAdd toWatchlist | PortfolioACTIONSBuy Max Healthcare Institute; target of Rs 500: Prabhudas Lilladher,432.60,426.55,430.80,425.45,5.35,1.26
"SRFAdd toWatchlist | PortfolioACTIONSSRF closes above 30-Day,50-Day Moving Average today.","2,307.15","2,275.10","2,300.35","2,271.95",28.4,1.25
"ICICI Lombard Add toWatchlist | PortfolioACTIONSBuy ICICI Lombard General Insurance Company, target of Rs 1400: Sharekhan","1,095.50","1,074.25","1,092.55","1,079.10",13.45,1.25
Eicher MotorsAdd toWatchlist | PortfolioACTIONSBuy Eicher Motors; target of Rs 3942: YES Securities,"3,169.10","3,132.40","3,166.20","3,127.30",38.9,1.24
TML - DAdd toWatchlist | PortfolioACTIONSTML - D closes above 30-Day Moving Average of 221.54 today.TML - D closes above 150-Day Moving Average of 218.94 today.,223.25,220.30,222.20,219.50,2.7,1.23
Tata PowerAdd toWatchlist | PortfolioACTIONSTata Power closes above 50-Day Moving Average of 205.64 today.Tata Power closes above 30-Day Moving Average of 204.94 today.,212.90,208.10,210.30,207.75,2.55,1.23
"Galaxy SurfactaAdd toWatchlist | PortfolioACTIONSGalaxy Surfacta closes above 30-Day,50-Day Moving Average today.","2,397.00","2,366.70","2,391.35","2,362.45",28.9,1.22
Restaurant BranAdd toWatchlist | PortfolioACTIONSBuy Restaurant Brands Asia; target of Rs 135: SharekhanAccumulate Restaurant Brands Asia; target of Rs 145: Prabhudas Lilladher,97.30,94.35,95.50,94.35,1.15,1.22
Kansai NerolacAdd toWatchlist | PortfolioACTIONSKansai Nerolac closes above 30-Day Moving Average of 413.66 today.,422.70,411.15,415.60,410.60,5,1.22
"Finolex CablesAdd toWatchlist | PortfolioACTIONSFinolex Cables Block Deal on NSE||Qty: 30,574||Deal Price: 613.60||Value (cr): 1.88||Time: 09:16am",847.50,765.00,785.10,775.85,9.25,1.19
"Sheela FoamAdd toWatchlist | PortfolioACTIONSSheela Foam POM on Feb 18, 2023||Announcement date: Jan 18, 2023","1,192.00","1,154.35","1,160.60","1,146.95",13.65,1.19
Suzlon EnergyAdd toWatchlist | PortfolioACTIONSSuzlon Energy closes above 200-Day Moving Average of 8.51 today.,8.90,8.50,8.60,8.50,0.1,1.18
Chola Fin HoldAdd toWatchlist | PortfolioACTIONSChola Fin Hold closes above 50-Day Moving Average of 587.57 today.,600.00,573.70,588.40,581.60,6.8,1.17
NipponAdd toWatchlist | PortfolioACTIONSNippon has hit 52wk low of Rs 213.80 on NSE,230.50,225.65,226.95,224.40,2.55,1.14
GlenmarkAdd toWatchlist | PortfolioACTIONSGlenmark closes above 50-Day Moving Average of 417.76 today.,422.50,415.75,421.15,416.45,4.7,1.13
Jyothy LabsAdd toWatchlist | PortfolioACTIONSJyothy Labs closes above 150-Day Moving Average of 194.46 today.,191.10,188.35,190.05,187.95,2.1,1.12
Prestige EstateAdd toWatchlist | PortfolioACTIONSBuy Prestige Estates Projects; target of Rs 675: Motilal Oswal,405.85,399.40,402.00,397.60,4.4,1.11
Motilal OswalAdd toWatchlist | PortfolioACTIONSMotilal Oswal closes above 50-Day Moving Average of 696.11 today.,629.75,603.25,607.90,601.25,6.65,1.11
Natco PharmaAdd toWatchlist | PortfolioACTIONSNatco Pharma closes above 50-Day Moving Average of 542.81 today.,570.75,560.95,568.50,562.30,6.2,1.1
AB CapitalAdd toWatchlist | PortfolioACTIONSBuy Aditya Birla Capital; target of Rs 200: Emkay Global FinancialNEWSBuy Aditya Birla Capital; target of Rs 200: Emkay Global Financial 2023-03-06 19:16:10View all,156.90,153.80,156.25,154.55,1.7,1.1
"UTI AMCAdd toWatchlist | PortfolioACTIONSUTI AMC closes below 150-Day,200-Day Moving Average today.",671.55,654.05,663.85,656.65,7.2,1.1
"Bata IndiaAdd toWatchlist | PortfolioACTIONSBata India has hit 52wk low of Rs 1,395.15 on NSEBata India has hit 52wk low of Rs 1,403.00 on BSE","1,426.00","1,407.00","1,420.60","1,405.20",15.4,1.1
AllcargoAdd toWatchlist | PortfolioACTIONSAllcargo closes above 200-Day Moving Average of 369.15 today.,381.90,369.05,374.35,370.30,4.05,1.09
Apollo TyresAdd toWatchlist | PortfolioACTIONSBuy Apollo Tyres; target of Rs 375: Emkay Global FinancialBuy Apollo Tyres; target of Rs 390: ICICI Direct,320.65,315.40,319.30,315.85,3.45,1.09
Tata CommAdd toWatchlist | PortfolioACTIONSTata Comm closes below 150-Day Moving Average of 1229.84 today.,"1,224.65","1,205.00","1,211.45","1,198.40",13.05,1.09
"HDFCAdd toWatchlist | PortfolioACTIONSHDFC closes above 30-Day,50-Day Moving Average today.","2,693.00","2,653.75","2,674.75","2,646.10",28.65,1.08
"Bank of IndiaAdd toWatchlist | PortfolioACTIONSBank of India Block Deal on NSE||Qty: 142,516||Deal Price: 80.20||Value (cr): 1.14||Time: 09:16amBank of India closes above 30-Day Moving Average of 77.81 today.",85.90,79.80,81.15,80.30,0.85,1.06
Hatsun AgroAdd toWatchlist | PortfolioACTIONSHatsun Agro closes above 50-Day Moving Average of 891.25 today.,914.80,896.45,905.65,896.25,9.4,1.05
Medplus HealthAdd toWatchlist | PortfolioACTIONSMedplus Health closes above 200-Day Moving Average of 691.74 today.,714.00,683.15,706.05,698.75,7.3,1.04
Info EdgeAdd toWatchlist | PortfolioACTIONSBuy Infoedge; target of Rs 4600: HDFC Securities,"3,575.00","3,529.00","3,552.10","3,515.65",36.45,1.04
PCBLAdd toWatchlist | PortfolioACTIONSPCBL closes below 30-Day Moving Average of 120.21 today.,118.05,116.40,117.30,116.10,1.2,1.03
"Indiabulls HsgAdd toWatchlist | PortfolioACTIONSIndiabulls Hsg Block Deal on NSE||Qty: 94,876||Deal Price: 106.80||Value (cr): 1.01||Time: 09:16am",110.90,108.75,109.40,108.30,1.1,1.02
Can Fin HomesAdd toWatchlist | PortfolioACTIONSCan Fin Homes closes above 30-Day Moving Average of 565.67 today.,574.00,561.75,569.45,563.75,5.7,1.01
Exide IndAdd toWatchlist | PortfolioACTIONSExide Ind closes above 50-Day Moving Average of 180.30 today.,183.00,180.60,182.40,180.60,1.8,1
"Tata ElxsiAdd toWatchlist | PortfolioACTIONSTata Elxsi Block Deal on NSE||Qty: 5,564||Deal Price: 6,295.20||Value (cr): 3.50||Time: 09:16am","6,325.00","6,220.85","6,237.65","6,176.45",61.2,0.99
BPCLAdd toWatchlist | PortfolioACTIONSBPCL closes above 200-Day Moving Average of 324.14 today.,326.50,321.15,324.55,321.40,3.15,0.98
"RelianceAdd toWatchlist | PortfolioACTIONSReliance closes above 30-Day Moving Average of 2370.28 today.Reliance Block Deal on NSE||Qty: 5,584||Deal Price: 2,349.65||Value (cr): 1.31||Time: 09:16am","2,424.60","2,400.00","2,408.70","2,385.40",23.3,0.98
Praj IndustriesAdd toWatchlist | PortfolioACTIONSPraj Industries closes below 30-Day Moving Average of 353.79 today.,353.50,345.75,347.10,343.75,3.35,0.97
RossariAdd toWatchlist | PortfolioACTIONSBuy Rossari Biotech; target of Rs 974: KR Choksey,648.00,608.05,617.80,611.90,5.9,0.96
IEXAdd toWatchlist | PortfolioACTIONSIEX closes above 150-Day Moving Average of 146.45 today.,147.80,143.60,146.70,145.30,1.4,0.96
Chalet HotelsAdd toWatchlist | PortfolioACTIONSChalet Hotels closes above 30-Day Moving Average of 361.32 today.,366.40,361.05,364.25,360.80,3.45,0.96
"Berger PaintsAdd toWatchlist | PortfolioACTIONSBerger Paints closes above 30-Day,50-Day Moving Average today.",589.00,579.75,586.30,580.75,5.55,0.96
SBI CardAdd toWatchlist | PortfolioACTIONSSBI Card closes above 30-Day Moving Average of 747.13 today.,758.60,744.70,757.15,750.35,6.8,0.91
"Adani PortsAdd toWatchlist | PortfolioACTIONSAdani Ports Block Deal on NSE||Qty: 19,447||Deal Price: 696.60||Value (cr): 1.35||Time: 09:16amAdani Ports closes above 50-Day Moving Average of 678.98 today.",722.75,681.10,690.75,684.65,6.1,0.89
TCSAdd toWatchlist | PortfolioACTIONSTCS closes above 50-Day Moving Average of 3381.15 today.,"3,404.95","3,359.00","3,371.85","3,342.15",29.7,0.89
M&M FinancialAdd toWatchlist | PortfolioACTIONSBuy Mahindra and Mahindra Financial Services; target of Rs 290: SharekhanNEWSBuy Mahindra and Mahindra Financial Services; target of Rs 290: Sharekhan 2023-03-06 14:16:32View all,260.25,253.55,256.20,253.95,2.25,0.89
3M IndiaAdd toWatchlist | PortfolioACTIONS3M India closes above 150-Day Moving Average of 23021.34 today.,"23,464.40","23,100.25","23,406.30","23,202.80",203.5,0.88
Coal IndiaAdd toWatchlist | PortfolioACTIONSCoal India closes above 30-Day Moving Average of 218.89 today.,225.50,221.75,224.90,222.95,1.95,0.87
Mahindra LogistAdd toWatchlist | PortfolioACTIONSMahindra Logist has hit 52wk low of Rs 362.00 on NSE,367.75,363.25,366.35,363.20,3.15,0.87
KEC IntlAdd toWatchlist | PortfolioACTIONSKEC Intl closes above 30-Day Moving Average of 472.72 today.,470.50,462.45,467.05,463.05,4,0.86
Suven PharmaAdd toWatchlist | PortfolioACTIONSSuven Pharma closes above 50-Day Moving Average of 487.31 today.,480.40,475.20,479.55,475.45,4.1,0.86
"Go FashionAdd toWatchlist | PortfolioACTIONSGo Fashion closes above 30-Day,50-Day Moving Average today.",978.00,942.00,964.05,955.85,8.2,0.86
Thyrocare TechnAdd toWatchlist | PortfolioACTIONSThyrocare Techn closes above 30-Day Moving Average of 624.78 today.,461.40,452.45,455.30,451.45,3.85,0.85
"WiproAdd toWatchlist | PortfolioACTIONSWipro Block Deal on NSE||Qty: 39,413||Deal Price: 395.50||Value (cr): 1.56||Time: 09:18am",396.65,392.10,393.75,390.45,3.3,0.85
SKF IndiaAdd toWatchlist | PortfolioACTIONSSKF India closes above 50-Day Moving Average of 4501.66 today.,"4,581.25","4,459.25","4,507.35","4,469.65",37.7,0.84
"J. K. CementAdd toWatchlist | PortfolioACTIONSJ. K. Cement closes above 50-Day,150-Day Moving Average today.","2,905.00","2,860.00","2,873.85","2,849.90",23.95,0.84
Jamna AutoAdd toWatchlist | PortfolioACTIONSJamna Auto closes above 30-Day Moving Average of 104.74 today.,102.95,102.05,102.50,101.65,0.85,0.84
"Mahindra CIEAdd toWatchlist | PortfolioACTIONSMahindra CIE POM on Mar 03, 2023||Announcement date: Jan 30, 2023",428.85,408.15,418.30,414.85,3.45,0.83
"ITCAdd toWatchlist | PortfolioACTIONSITC Block Deal on NSE||Qty: 29,319||Deal Price: 378.05||Value (cr): 1.11||Time: 09:16am",392.50,385.25,388.15,384.95,3.2,0.83
"MCX IndiaAdd toWatchlist | PortfolioACTIONSMCX India closes above 30-Day,150-Day Moving Average today.MCX India closes below 150-Day Moving Average of 1424.41 today.","1,479.95","1,455.25","1,458.20","1,446.40",11.8,0.82
Vardhman TextAdd toWatchlist | PortfolioACTIONSVardhman Text closes above 50-Day Moving Average of 310.54 today.Vardhman Text closes below 50-Day Moving Average of 310.43 today.,320.80,313.75,316.00,313.45,2.55,0.81
"Linde IndiaAdd toWatchlist | PortfolioACTIONSLinde India closes above 30-Day,50-Day Moving Average today.","3,770.00","3,705.00","3,745.35","3,715.30",30.05,0.81
Axis BankAdd toWatchlist | PortfolioACTIONSAxis Bank closes above 150-Day Moving Average of 845.73 today.Buy Axis Bank; target of Rs 1100: ICICI DirectNEWSBuy Axis Bank; target of Rs 1100: ICICI Direct 2023-03-03 13:30:18Buy Axis Bank; target of Rs 1140: Sharekhan 2023-03-03 11:15:56View all,863.75,855.60,859.50,852.65,6.85,0.8
Anupam RasayanAdd toWatchlist | PortfolioACTIONSAnupam Rasayan closes above 150-Day Moving Average of 713.85 today.Anupam Rasayan closes above 200-Day Moving Average of 703.30 today.,756.40,732.00,741.90,736.05,5.85,0.79
Engineers IndiaAdd toWatchlist | PortfolioACTIONSEngineers India closes above 150-Day Moving Average of 74.03 today.Engineers India closes above 150-Day Moving Average of 73.97 today.,77.10,75.55,76.10,75.50,0.6,0.79
Indiamart InterAdd toWatchlist | PortfolioACTIONSBuy IndiaMart InterMesh; target of Rs 5500: Anand Rathi,"5,009.80","4,930.05","4,954.25","4,915.20",39.05,0.79
HEGAdd toWatchlist | PortfolioACTIONSHEG closes above 150-Day Moving Average of 1096.05 today.,995.10,978.70,983.80,976.05,7.75,0.79
"Rattanindia EntAdd toWatchlist | PortfolioACTIONSRattanindia Ent EGM on Feb 07, 2023||Announcement date: Jan 13, 2023",39.80,38.40,38.75,38.45,0.3,0.78
AIA EngineeringAdd toWatchlist | PortfolioACTIONSAIA Engineering closes above 30-Day Moving Average of 2686.63 today.,"2,735.35","2,675.00","2,706.05","2,685.20",20.85,0.78
"Shipping CorpAdd toWatchlist | PortfolioACTIONSShipping Corp closes above 150-Day,200-Day Moving Average today.",121.35,118.90,119.35,118.45,0.9,0.76
Hero MotocorpAdd toWatchlist | PortfolioACTIONSHero MotoCorp to collaborate with US-based Zero Motorcycles on premium electric bikesNEWSHero MotoCorp to collaborate with US-based Zero Motorcycles on premium electric bikes 2023-03-06 11:10:50View all,"2,491.75","2,461.20","2,479.70","2,461.55",18.15,0.74
"Vodafone IdeaAdd toWatchlist | PortfolioACTIONSVodafone Idea Block Deal on NSE||Qty: 2,147,113||Deal Price: 6.90||Value (cr): 1.48||Time: 09:16am",7.05,6.90,6.95,6.90,0.05,0.72
"HDFC BankAdd toWatchlist | PortfolioACTIONSHDFC Bank Block Deal on NSE||Qty: 7,239||Deal Price: 1,604.05||Value (cr): 1.16||Time: 09:16am","1,639.45","1,618.05","1,627.30","1,615.90",11.4,0.71
"Hindustan AeronAdd toWatchlist | PortfolioACTIONSHindustan Aeron Block Deal on NSE||Qty: 3,770||Deal Price: 2,723.05||Value (cr): 1.03||Time: 09:16am","2,727.00","2,696.10","2,710.75","2,692.05",18.7,0.69
HCL TechAdd toWatchlist | PortfolioACTIONSHCL Tech closes above 30-Day Moving Average of 1119.64 today.,"1,148.00","1,123.30","1,126.70","1,119.00",7.7,0.69
"HINDPETROAdd toWatchlist | PortfolioACTIONSHINDPETRO closes below 150-Day,200-Day Moving Average today.",222.55,219.05,220.40,218.90,1.5,0.69
Zydus LifeAdd toWatchlist | PortfolioACTIONSAccumulate Zydus Lifesciences; target of Rs 480: Prabhudas LilladherAccumulate Zydus Lifesciences; target of Rs 480: Prabhudas Lilladher,479.70,474.10,476.15,472.95,3.2,0.68
Petronet LNGAdd toWatchlist | PortfolioACTIONSPetronet LNG closes above 30-Day Moving Average of 220.01 today.,225.50,221.45,224.45,222.95,1.5,0.67
Ashok LeylandAdd toWatchlist | PortfolioACTIONSAshok Leyland shares correct after 27% fall in exports in FebruaryNEWSAshok Leyland shares correct after 27% fall in exports in February 2023-03-01 14:22:02View all,146.35,145.00,146.00,145.05,0.95,0.65
Gujarat GasAdd toWatchlist | PortfolioACTIONSBuy Gujarat Gas; target of Rs 620: Sharekhan,526.00,508.30,512.65,509.35,3.3,0.65
KRBLAdd toWatchlist | PortfolioACTIONSKRBL closes above 150-Day Moving Average of 361.98 today.,355.70,347.30,349.40,347.20,2.2,0.63
"Polyplex CorpAdd toWatchlist | PortfolioACTIONSPolyplex Corp Dividend||Interim Dividend 300.00%||Announcement date: Feb 13, 2023||Record date: Feb 24, 2023||Ex-Div: Feb 24, 2023","1,413.00","1,385.60","1,391.30","1,382.55",8.75,0.63
Happiest Minds Add toWatchlist | PortfolioACTIONSHappiest Minds  closes above 30-Day Moving Average of 852.04 today.,873.80,855.85,859.20,853.85,5.35,0.63
Bharat ElecAdd toWatchlist | PortfolioACTIONSBharat Elec closes above 200-Day Moving Average of 96.36 today.,97.25,95.90,96.45,95.85,0.6,0.63
"BoschAdd toWatchlist | PortfolioACTIONSBosch Dividend||Interim Dividend 2000.00%||Announcement date: Jan 30, 2023||Record date: Feb 22, 2023||Ex-Div: Feb 22, 2023","18,192.00","17,900.00","18,095.85","17,983.75",112.1,0.62
Torrent PharmaAdd toWatchlist | PortfolioACTIONSTorrent Pharma closes below 200-Day Moving Average of 1519.74 today.,"1,515.00","1,483.40","1,502.45","1,493.25",9.2,0.62
Kajaria CeramicAdd toWatchlist | PortfolioACTIONSKajaria Ceramic closes above 30-Day Moving Average of 1074.68 today.,"1,091.50","1,072.00","1,085.00","1,078.45",6.55,0.61
"Bajaj FinanceAdd toWatchlist | PortfolioACTIONSBajaj Finance Block Deal on NSE||Qty: 1,814||Deal Price: 6,098.60||Value (cr): 1.11||Time: 09:16am","6,183.00","6,120.05","6,134.85","6,100.05",34.8,0.57
Birla CorpAdd toWatchlist | PortfolioACTIONSBirla Corp closes below 50-Day Moving Average of 975.01 today.,903.25,888.35,895.60,890.55,5.05,0.57
"Endurance TechnAdd toWatchlist | PortfolioACTIONSEndurance Tech: Strong recovery in Europe, healthy order book","1,275.00","1,256.55","1,267.10","1,260.00",7.1,0.56
"NBCC (India)Add toWatchlist | PortfolioACTIONSNBCC (India) closes above  its 30-Day,150-Day,200-Day Moving Average today.",35.95,35.60,35.80,35.60,0.2,0.56
HULAdd toWatchlist | PortfolioACTIONSHUL closes below 200-Day Moving Average of 2517.21 today.,"2,498.85","2,475.60","2,484.85","2,471.00",13.85,0.56
"ZomatoAdd toWatchlist | PortfolioACTIONSZomato Block Deal on NSE||Qty: 215,353||Deal Price: 54.95||Value (cr): 1.18||Time: 09:16am",54.95,53.70,53.95,53.65,0.3,0.56
Shoppers StopAdd toWatchlist | PortfolioACTIONSShoppers Stop closes above 50-Day Moving Average of 703.56 today.,650.00,631.60,644.00,640.45,3.55,0.55
Schaeffler IndAdd toWatchlist | PortfolioACTIONSBuy Schaeffler India; target of Rs 3328: SharekhanSchaeffler Ind closes above 150-Day Moving Average of 2904.45 today.,"3,035.50","2,975.05","3,007.90","2,991.80",16.1,0.54
TATA Cons. ProdAdd toWatchlist | PortfolioACTIONSBuy Tata Consumer Products; target of Rs 964: KR Choksey,718.75,709.95,713.60,709.85,3.75,0.53
"Honeywell AutomAdd toWatchlist | PortfolioACTIONSBuy Honeywell Automation India; target of Rs 45,000: Sharekhan","36,200.00","35,303.55","35,459.35","35,274.20",185.15,0.52
"Vinati OrganicsAdd toWatchlist | PortfolioACTIONSVinati Organics COM on Feb 28, 2023||Announcement date: Jan 25, 2023","1,885.00","1,861.05","1,869.20","1,859.55",9.65,0.52
Indian HotelsAdd toWatchlist | PortfolioACTIONSIndian Hotels closes above 150-Day Moving Average of 311.02 today.,322.50,317.30,319.70,318.05,1.65,0.52
GMR AirportsAdd toWatchlist | PortfolioACTIONSGMR Airports closes above 30-Day Moving Average of 38.44 today.,39.35,38.70,38.90,38.70,0.2,0.52
ColgateAdd toWatchlist | PortfolioACTIONSColgate closes above 50-Day Moving Average of 1488.47 today.,"1,513.25","1,493.35","1,508.60","1,500.90",7.7,0.51
Sapphire FoodsAdd toWatchlist | PortfolioACTIONSSapphire Foods closes above 30-Day Moving Average of 1236.51 today.,"1,265.00","1,245.05","1,253.25","1,247.35",5.9,0.47
Rain IndustriesAdd toWatchlist | PortfolioACTIONSRain Industries closes below 200-Day Moving Average of 171.02 today.,165.50,162.20,164.25,163.50,0.75,0.46
GE ShippingAdd toWatchlist | PortfolioACTIONSGE Shipping closes above 150-Day Moving Average of 588.72 today.,588.00,577.50,582.45,579.80,2.65,0.46
Tech MahindraAdd toWatchlist | PortfolioACTIONSBuy Tech Mahindra; target of Rs 1270: Emkay Global FinancialNeutral Tech Mahindra; target of Rs 1023: Motilal OswalNEWSBuy Tech Mahindra; target of Rs 1270: Emkay Global Financial 2023-03-06 19:21:29Neutral Tech Mahindra; target of Rs 1023: Motilal Oswal 2023-03-06 18:57:08View all,"1,096.00","1,085.00","1,090.05","1,085.15",4.9,0.45
Sona BLWAdd toWatchlist | PortfolioACTIONSSona BLW closes above 30-Day Moving Average of 453.90 today.,462.55,454.25,457.90,455.85,2.05,0.45
V-Mart RetailAdd toWatchlist | PortfolioACTIONSBuy V-Mart Retail; target of Rs 3020: Motilal Oswal,"2,413.00","2,365.25","2,406.70","2,396.00",10.7,0.45
DCM ShriramAdd toWatchlist | PortfolioACTIONSDCM Shriram has hit 52wk low of Rs 806.40 on NSEDCM Shriram has hit 52wk low of Rs 807.45 on BSE,859.95,838.60,846.60,842.85,3.75,0.44
HFCLAdd toWatchlist | PortfolioACTIONSHFCL closes above 30-Day Moving Average of 67.65 today.,68.25,67.20,67.75,67.45,0.3,0.44
"Balkrishna IndAdd toWatchlist | PortfolioACTIONSBalkrishna Ind Dividend||Interim Dividend 200.00%||Announcement date: Feb 03, 2023||Record date: Feb 18, 2023||Ex-Div: Feb 17, 2023","2,065.95","2,047.00","2,058.10","2,049.20",8.9,0.43
"Jubilant Ing.Add toWatchlist | PortfolioACTIONSJubilant Ing. Dividend||Interim Dividend 250.00%||Announcement date: Jan 31, 2023||Record date: Feb 10, 2023||Ex-Div: Feb 10, 2023",445.00,435.60,439.25,437.40,1.85,0.42
"ITIAdd toWatchlist | PortfolioACTIONSITI closes above  its 30-Day,50-Day,150-Day,200-Day Moving Average today.",96.50,95.10,95.40,95.00,0.4,0.42
Amara Raja BattAdd toWatchlist | PortfolioACTIONSAmara Raja Batt closes above 150-Day Moving Average of 561.61 today.,578.30,573.00,574.50,572.10,2.4,0.42
"Escorts KubotaAdd toWatchlist | PortfolioACTIONSEscorts Kubota closes above 30-Day,150-Day Moving Average today.","2,027.00","1,995.50","2,014.05","2,005.65",8.4,0.42
"Dabur IndiaAdd toWatchlist | PortfolioACTIONSDabur weighs acquisitions to expand across India, Southeast Asia",539.10,533.10,537.00,534.80,2.2,0.41
IFB IndustriesAdd toWatchlist | PortfolioACTIONSIFB Industries closes above 30-Day Moving Average of 851.55 today.,840.00,831.10,833.55,830.15,3.4,0.41
MRFAdd toWatchlist | PortfolioACTIONSMRF closes above 50-Day Moving Average of 89864.43 today.,"87,250.00","86,400.00","86,715.35","86,363.15",352.2,0.41
Motherson SWIAdd toWatchlist | PortfolioACTIONSMotherson SWI closes above 30-Day Moving Average of 53.22 today.Buy Motherson Wiring; target of Rs 73: Motilal Oswal,50.15,49.50,49.90,49.70,0.2,0.4
Deepak NitriteAdd toWatchlist | PortfolioACTIONSDeepak Nitrite closes above 30-Day Moving Average of 1827.68 today.,"1,849.00","1,827.05","1,831.55","1,824.30",7.25,0.4
"Home FirstAdd toWatchlist | PortfolioACTIONSHome First closes above 30-Day,50-Day Moving Average today.",752.50,737.00,746.80,743.85,2.95,0.4
Mahindra HolidaAdd toWatchlist | PortfolioACTIONSMahindra Holida closes above 50-Day Moving Average of 267.12 today.,277.50,272.50,274.00,272.95,1.05,0.38
"PNB Housing FinAdd toWatchlist | PortfolioACTIONSPNB Housing Fin closes above 30-Day Moving Average of 548.08 today.NEWSHot Stocks | Expect at least 10% return from PNB Housing Finance, Lemon Tree Hotels, ABB India 2023-03-01 07:24:19View all",597.00,583.65,587.70,585.45,2.25,0.38
V-Guard IndAdd toWatchlist | PortfolioACTIONSV-Guard Ind closes above 30-Day Moving Average of 246.84 today.,249.85,246.60,249.00,248.05,0.95,0.38
"Indoco RemediesAdd toWatchlist | PortfolioACTIONSIndoco Remedies closes below 30-Day,200-Day Moving Average today.",345.25,337.00,341.95,340.65,1.3,0.38
NHPCAdd toWatchlist | PortfolioACTIONSNHPC closes above 150-Day Moving Average of 39.49 today.,40.70,39.15,39.95,39.80,0.15,0.38
"BioconAdd toWatchlist | PortfolioACTIONSBiocon Block Deal on NSE||Qty: 45,363||Deal Price: 227.10||Value (cr): 1.03||Time: 09:18am",229.60,225.30,226.40,225.55,0.85,0.38
Tata CoffeeAdd toWatchlist | PortfolioACTIONSTata Coffee closes above 150-Day Moving Average of 220.05 today.,209.45,207.10,207.80,207.05,0.75,0.36
"RITESAdd toWatchlist | PortfolioACTIONSRITES closes above 30-Day Moving Average of 335.20 today.NEWSHot Stocks | Here's why you should buy Suprajit Engineering, RITES for short term 2023-03-06 06:48:33Hot Stocks | Here's why you should buy Suprajit Engineering, RITES for short term 2023-03-06 06:48:33View all",357.80,350.15,351.85,350.60,1.25,0.36
"NestleAdd toWatchlist | PortfolioACTIONSAccumulate Nestle India; target of Rs 21,805: KR Choksey","18,554.05","18,425.00","18,514.85","18,449.90",64.95,0.35
"Maruti SuzukiAdd toWatchlist | PortfolioACTIONSMaruti Suzuki closes above 50-Day Moving Average of 8604.22 today.Maruti Suzuki closes above 50-Day Moving Average of 8594.42 today.NEWSMaruti Suzuki sales up 5% in February at 1,72,321 units 2023-03-01 13:40:10View all","8,663.00","8,590.95","8,631.45","8,601.25",30.2,0.35
Caplin LabsAdd toWatchlist | PortfolioACTIONSCaplin Labs closes below 30-Day Moving Average of 708.14 today.,678.25,660.00,666.15,663.85,2.3,0.35
Brigade EntAdd toWatchlist | PortfolioACTIONSBrigade Ent closes above 200-Day Moving Average of 482.06 today.,484.00,475.05,478.55,476.90,1.65,0.35
CastrolAdd toWatchlist | PortfolioACTIONSCastrol closes below 200-Day Moving Average of 117.11 today.,117.00,115.70,116.10,115.70,0.4,0.35
Bharat ForgeAdd toWatchlist | PortfolioACTIONSBuy Bharat Forge; target of Rs 928: HDFC SecuritiesBuy Bharat Forge; target of Rs 1028: YES Securities,834.50,826.00,827.90,825.05,2.85,0.35
"Dixon TechnologAdd toWatchlist | PortfolioACTIONSDixon Technolog Block Deal on NSE||Qty: 4,406||Deal Price: 2,895.20||Value (cr): 1.28||Time: 09:17am","3,052.80","2,971.00","2,988.10","2,977.85",10.25,0.34
"Triveni EnggAdd toWatchlist | PortfolioACTIONSTriveni Engg closes above 30-Day,50-Day Moving Average today.",292.55,283.00,286.35,285.40,0.95,0.33
CeatAdd toWatchlist | PortfolioACTIONSBuy CEAT; target of Rs 1860: Motilal OswalNEWSBuy CEAT; target of Rs 1860: Motilal Oswal 2023-03-01 17:04:23View all,"1,464.00","1,428.05","1,437.60","1,432.85",4.75,0.33
LIC Housing FinAdd toWatchlist | PortfolioACTIONSBuy LIC Housing Finance; target of Rs 435: SharekhanBuy LIC Housing Finance; target of Rs 440: Motilal Oswal,362.80,358.05,360.00,358.85,1.15,0.32
EIHAdd toWatchlist | PortfolioACTIONSEIH closes above 200-Day Moving Average of 162.97 today.,163.95,160.15,161.05,160.55,0.5,0.31
Vedant FashionsAdd toWatchlist | PortfolioACTIONSVedant Fashions closes above 30-Day Moving Average of 1202.68 today.,"1,205.05","1,171.00","1,190.90","1,187.25",3.65,0.31
Titan CompanyAdd toWatchlist | PortfolioACTIONSTitan Company closes below 50-Day Moving Average of 2471.31 today.,"2,426.40","2,392.60","2,403.45","2,396.10",7.35,0.31
"IRCTCAdd toWatchlist | PortfolioACTIONSIRCTC Dividend||Interim Dividend 175.00%||Announcement date: Feb 09, 2023||Record date: Feb 22, 2023||Ex-Div: Feb 22, 2023",620.95,615.05,615.80,613.95,1.85,0.3
"Yes BankAdd toWatchlist | PortfolioACTIONSYes Bank Block Deal on NSE||Qty: 200,562||Deal Price: 16.65||Value (cr): 0.33||Time: 09:16amYes Bank Block Deal on NSE||Qty: 318,422||Deal Price: 18.40||Value (cr): 0.59||Time: 09:16am",17.25,16.50,16.90,16.85,0.05,0.3
Apollo HospitalAdd toWatchlist | PortfolioACTIONSApollo Hospital closes above 50-Day Moving Average of 4408.11 today.NEWSTrading in March: Top 10 ideas from experts as bulls charge Nifty to new highs 2023-03-06 08:34:31View all,"4,488.90","4,412.05","4,421.10","4,408.30",12.8,0.29
MaricoAdd toWatchlist | PortfolioACTIONSMarico closes above 30-Day Moving Average of 498.35 today.Buy Marico; target of Rs 645: SharekhanhereNEWSBuy Marico; target of Rs 645: Sharekhanhere 2023-03-02 11:31:06View all,503.80,499.00,500.95,499.50,1.45,0.29
Bharti AirtelAdd toWatchlist | PortfolioACTIONSBharti Airtel closes above 200-Day Moving Average of 756.34 today.,775.90,765.10,766.60,764.40,2.2,0.29
Muthoot FinanceAdd toWatchlist | PortfolioACTIONSNeutral Muthoot Finance; target of Rs 1140: Motilal Oswal,965.00,950.30,952.90,950.20,2.7,0.28
eClerx ServicesAdd toWatchlist | PortfolioACTIONSeClerx Services closes above 150-Day Moving Average of 1413.80 today.,"1,468.80","1,425.30","1,434.65","1,430.65",4,0.28
Aditya Birla FAdd toWatchlist | PortfolioACTIONSBuy Aditya Birla Fashion; target of Rs 305: Motilal OswalNEWSBuy Aditya Birla Fashion; target of Rs 305: Motilal Oswal 2023-03-01 15:02:11View all,239.65,236.00,236.65,236.00,0.65,0.28
"BHELAdd toWatchlist | PortfolioACTIONSBHEL Block Deal on NSE||Qty: 141,091||Deal Price: 75.20||Value (cr): 1.06||Time: 09:16amBHEL closes above 30-Day Moving Average of 73.95 today.",75.50,74.25,74.90,74.70,0.2,0.27
Kalyan JewellerAdd toWatchlist | PortfolioACTIONSKalyan Jeweller closes above 30-Day Moving Average of 114.84 today.,118.80,116.50,117.35,117.05,0.3,0.26
CiplaAdd toWatchlist | PortfolioACTIONSCipla has hit 52wk low of Rs 877.00 on NSECipla has hit 52wk low of Rs 882.45 on NSENEWSNeutral Cipla; target of Rs 990: Motilal Oswal 2023-03-01 14:47:43Neutral Cipla; target of Rs 990: Motilal Oswal 2023-03-01 14:47:43View all,885.55,869.05,880.90,878.65,2.25,0.26
"PersistentAdd toWatchlist | PortfolioACTIONSPersistent Block Deal on NSE||Qty: 3,064||Deal Price: 5,107.45||Value (cr): 1.56||Time: 09:18am","4,950.00","4,858.60","4,878.00","4,866.15",11.85,0.24
"JK PaperAdd toWatchlist | PortfolioACTIONSJK Paper Dividend||Interim Dividend 40.00%||Announcement date: Jan 31, 2023||Record date: Feb 17, 2023||Ex-Div: Feb 17, 2023",397.80,391.05,391.85,390.90,0.95,0.24
Fine OrganicsAdd toWatchlist | PortfolioACTIONSBuy Fine Organic Industries; target of Rs 7000: Prabhudas Lilladher,"4,617.90","4,495.00","4,516.55","4,505.80",10.75,0.24
RouteAdd toWatchlist | PortfolioACTIONSRoute closes above 200-Day Moving Average of 1320.04 today.Route closes above 200-Day Moving Average of 1319.49 today.,"1,355.00","1,318.00","1,322.55","1,319.50",3.05,0.23
Godrej AgrovetAdd toWatchlist | PortfolioACTIONSBuy Godrej Agrovet; target of Rs 570: Motilal Oswal,449.95,439.80,440.80,439.80,1,0.23
AU Small FinancAdd toWatchlist | PortfolioACTIONSAU Small Financ closes above 200-Day Moving Average of 624.49 today.AU Small Financ closes above 30-Day Moving Average of 619.90 today.,630.00,622.00,624.55,623.25,1.3,0.21
"Lux IndustriesAdd toWatchlist | PortfolioACTIONSLux Industries has hit 52wk low of Rs 1,311.00 on NSELux Industries has hit 52wk low of Rs 1,311.00 on NSE","1,343.75","1,320.50","1,324.45","1,321.90",2.55,0.19
"JB ChemicalsAdd toWatchlist | PortfolioACTIONSJB Chemicals closes above  its 30-Day,50-Day,150-Day Moving Average today.","1,967.35","1,933.00","1,953.90","1,950.35",3.55,0.18
Devyani IntAdd toWatchlist | PortfolioACTIONSBuy Devyani International; target of Rs 190: Motilal Oswal,153.55,151.30,152.30,152.05,0.25,0.16
EmamiAdd toWatchlist | PortfolioACTIONSEmami has hit 52wk low of Rs 380.00 on NSEEmami has hit 52wk low of Rs 380.50 on NSE,394.00,386.80,389.25,388.65,0.6,0.15
"Saregama IndiaAdd toWatchlist | PortfolioACTIONSSaregama India Dividend||Interim Dividend 300.00%||Announcement date: Jan 20, 2023||Record date: Feb 02, 2023||Ex-Div: Feb 02, 2023",337.05,328.25,331.70,331.20,0.5,0.15
Jubilant PharmoAdd toWatchlist | PortfolioACTIONSJubilant Pharmo closes above 150-Day Moving Average of 357.12 today.,307.00,304.05,304.40,303.95,0.45,0.15
"UPLAdd toWatchlist | PortfolioACTIONSUPL Block Deal on NSE||Qty: 25,294||Deal Price: 744.40||Value (cr): 1.88||Time: 09:18am",718.50,709.00,711.05,710.00,1.05,0.15
"Canara BankAdd toWatchlist | PortfolioACTIONSCanara Bank closes above 30-Day,50-Day Moving Average today.Canara Bank Block Deal on NSE||Qty: 97,866||Deal Price: 296.70||Value (cr): 2.90||Time: 09:16am",308.95,304.50,305.65,305.20,0.45,0.15
"M&MAdd toWatchlist | PortfolioACTIONSM&M Block Deal on NSE||Qty: 18,597||Deal Price: 1,287.00||Value (cr): 2.39||Time: 09:16am","1,284.25","1,268.00","1,270.45","1,268.60",1.85,0.15
GrasimAdd toWatchlist | PortfolioACTIONSGrasim closes above 30-Day Moving Average of 1630.99 today.,"1,611.00","1,596.00","1,598.55","1,596.25",2.3,0.14
FDCAdd toWatchlist | PortfolioACTIONSFDC closes below 150-Day Moving Average of 274.89 today.,262.70,256.05,260.65,260.30,0.35,0.13
Mazagon DockAdd toWatchlist | PortfolioACTIONSMazagon Dock closes above 30-Day Moving Average of 758.58 today.,751.05,730.00,732.70,731.75,0.95,0.13
Delta CorpAdd toWatchlist | PortfolioACTIONSDelta Corp closes above 30-Day Moving Average of 196.06 today.,202.30,197.40,197.75,197.50,0.25,0.13
Astral LtdAdd toWatchlist | PortfolioACTIONSReduce Astral; target of Rs 1752: YES Securities,"1,940.10","1,919.75","1,923.45","1,921.20",2.25,0.12
"Bank of BarodaAdd toWatchlist | PortfolioACTIONSBank of Baroda closes above 30-Day,50-Day Moving Average today.Bank of Baroda Block Deal on NSE||Qty: 63,830||Deal Price: 170.65||Value (cr): 1.09||Time: 09:16am",176.40,172.45,173.10,172.90,0.2,0.12
City Union BankAdd toWatchlist | PortfolioACTIONSAccumulate City Union Bank; target of Rs 159: Geojit,143.50,141.70,142.35,142.20,0.15,0.11
Navin FluorineAdd toWatchlist | PortfolioACTIONSNavin Fluorine closes above 200-Day Moving Average of 4158.85 today.,"4,250.00","4,200.00","4,224.75","4,220.55",4.2,0.1
Rallis IndiaAdd toWatchlist | PortfolioACTIONSHold Rallis India; target of Rs 225: ICICI DirectHold Rallis India; target of Rs 225: ICICI Direct,207.00,203.45,204.40,204.20,0.2,0.1
"TimkenAdd toWatchlist | PortfolioACTIONSTimken closes above  its 30-Day,50-Day,150-Day Moving Average today.","2,876.65","2,831.55","2,871.95","2,869.20",2.75,0.1
"SBIAdd toWatchlist | PortfolioACTIONSSBI Block Deal on NSE||Qty: 35,169||Deal Price: 563.55||Value (cr): 1.98||Time: 09:16amSBI closes above 30-Day,200-Day Moving Average today.NEWSTrade Spotlight | What's your strategy for Varun Beverages, State Bank of India, PB Fintech? 2023-03-06 07:18:00View all",567.90,559.00,561.70,561.20,0.5,0.09
JM FinancialAdd toWatchlist | PortfolioACTIONSJM Financial closes below 200-Day Moving Average of 68.07 today.,65.95,64.60,64.80,64.75,0.05,0.08
Sterling WilsonAdd toWatchlist | PortfolioACTIONSSterling Wilson closes above 200-Day Moving Average of 293.82 today.,305.00,299.35,301.50,301.30,0.2,0.07
Hind ZincAdd toWatchlist | PortfolioACTIONSHind Zinc closes above 150-Day Moving Average of 304.01 today.,316.70,311.00,311.95,311.75,0.2,0.06
United SpiritsAdd toWatchlist | PortfolioACTIONSBuy United Spirits; target of Rs 900: ICICI DirectNeutral United Spirits; target of Rs 835: Motilal Oswal,760.85,754.10,756.45,756.00,0.45,0.06
"HDFC LifeAdd toWatchlist | PortfolioACTIONSHDFC Life Block Deal on NSE||Qty: 61,114||Deal Price: 486.50||Value (cr): 2.97||Time: 09:16am",496.75,489.00,490.15,489.95,0.2,0.04
VoltasAdd toWatchlist | PortfolioACTIONSVoltas closes above 200-Day Moving Average of 905.77 today.,920.85,910.00,913.20,912.85,0.35,0.04
"Angel OneAdd toWatchlist | PortfolioACTIONSAngel One has hit 52wk low of Rs 1,008.05 on NSEAngel One has hit 52wk low of Rs 1,011.10 on BSE","1,158.00","1,111.00","1,122.10","1,121.70",0.4,0.04
"Sun TV NetworkAdd toWatchlist | PortfolioACTIONSSun TV Network Dividend||Interim Dividend 75.00%||Announcement date: Jan 31, 2023||Record date: Feb 13, 2023||Ex-Div: Feb 13, 2023",442.90,438.00,439.65,439.50,0.15,0.03
Finolex IndAdd toWatchlist | PortfolioACTIONSFinolex Ind closes above 50-Day Moving Average of 176.08 today.,174.50,169.00,170.10,170.05,0.05,0.03
Dr Reddys LabsAdd toWatchlist | PortfolioACTIONSDr Reddys Labs closes above 30-Day Moving Average of 4411.84 today.Dr Reddys Labs closes above 50-Day Moving Average of 4360.27 today.,"4,458.80","4,416.05","4,439.20","4,437.95",1.25,0.03
"Page IndustriesAdd toWatchlist | PortfolioACTIONSPage Industries Dividend||Interim Dividend 600.00%||Announcement date: Jan 20, 2023||Record date: Feb 17, 2023||Ex-Div: Feb 17, 2023","37,565.55","37,040.00","37,305.35","37,296.35",9,0.02
HDFC AMCAdd toWatchlist | PortfolioACTIONSBuy HDFC AMC; target of Rs 2250: ICICI DirectBuy HDFC AMC; target of Rs 2250: ICICI Direct,"1,807.35","1,791.60","1,796.55","1,796.25",0.3,0.02
RaymondAdd toWatchlist | PortfolioACTIONSRaymond closes above 150-Day Moving Average of 1233.35 today.,"1,328.50","1,300.00","1,307.40","1,307.20",0.2,0.02
Avanti FeedsAdd toWatchlist | PortfolioACTIONSAvanti Feeds has hit 52wk low of Rs 363.40 on NSE,371.00,365.05,365.55,365.50,0.05,0.01
Sanofi IndiaAdd toWatchlist | PortfolioACTIONSSanofi India closes below 150-Day Moving Average of 5811.92 today.,"5,798.00","5,708.05","5,726.60","5,725.85",0.75,0.01
"Dr Lal PathLabAdd toWatchlist | PortfolioACTIONSDr Lal PathLab closes below 30-Day,200-Day Moving Average today.","1,981.75","1,955.00","1,958.95","1,958.75",0.2,0.01
